source,datetime,previous_value,current_value,next_value,local_median,local_ratio
gas,2015-06-09 21:00:00,4383.0,44442.0,4417.0,4417.0,10.061580258093729
gas,2015-10-01 02:00:00,4251.0,44158.0,4178.0,4236.0,10.424457034938621
gas,2016-01-25 17:00:00,3691.0,33861.0,4039.0,3992.0,8.482214428857715
gas,2016-03-22 02:00:00,4098.0,40179.0,4049.0,4049.0,9.923190911336132
gas,2016-07-06 08:00:00,3555.0,36136.0,3684.0,3684.0,9.808903365906623
gas,2017-10-16 07:00:00,4800.0,74818.0,4766.0,4800.0,15.587083333333334
gas,2017-12-04 20:00:00,5056.0,49121.0,4581.0,5056.0,9.715387658227849
gas,2018-01-30 01:00:00,4328.0,42225.0,4094.0,4328.0,9.756238447319777
gas,2018-07-09 03:00:00,5449.0,54112.0,5448.0,5448.0,9.93245227606461
gas,2019-01-27 03:00:00,2025.0,49018.0,4918.0,5126.0,9.562621927428795
gas,2019-06-19 08:00:00,6507.0,68763.0,7013.0,6804.0,10.10626102292769
gas,2019-12-22 22:00:00,5933.0,59004.0,5416.0,5780.0,10.208304498269896
gas,2020-05-21 03:00:00,2857.0,27695.0,2461.0,2857.0,9.693734686734336
gas,2022-08-27 01:00:00,6692.0,66662.0,6638.0,6645.0,10.031903686982695
gas,2022-11-10 04:00:00,4555.0,45489.0,4529.0,4537.0,10.026228785541106
gas,2023-02-15 02:00:00,4733.0,47612.0,4601.0,4733.0,10.05958166068033
gas,2023-07-29 10:00:00,6205.0,61501.0,6484.0,6403.0,9.605028892706544
gas,2023-09-03 01:00:00,5927.0,59991.0,5782.0,5927.0,10.121646701535347
gas,2023-12-14 00:00:00,3767.0,37625.0,3770.0,3770.0,9.980106100795757
liquid_fuel,2015-09-14 10:00:00,1535.0,41512.0,1566.0,1566.0,26.50830140485313
liquid_fuel,2016-05-28 19:00:00,2042.0,42435.0,2520.0,2389.0,17.762662201758058
liquid_fuel,2017-02-25 23:00:00,1084.0,698113.0,497.0,1084.0,644.0156826568266
liquid_fuel,2017-04-05 01:00:00,1265.0,893165.0,531.0,1265.0,706.0592885375494
liquid_fuel,2017-06-01 02:00:00,1857.0,18902.0,1869.0,1869.0,10.113429641519529
liquid_fuel,2018-06-08 18:00:00,2156.0,29223.0,3698.0,3698.0,7.902379664683613
liquid_fuel,2019-07-07 14:00:00,2478.0,24958.0,2434.0,2434.0,10.253903040262943
liquid_fuel,2021-07-26 00:00:00,2136.0,18880.0,1571.0,2136.0,8.838951310861423
liquid_fuel,2021-08-23 04:00:00,2997.0,29834.0,2386.0,2997.0,9.954621287954621
liquid_fuel,2022-02-14 10:00:00,2841.0,27229.0,2921.0,2996.0,9.08845126835781
liquid_fuel,2022-03-05 08:00:00,2724.0,29222897.0,2973.0,2973.0,9829.43054154053
liquid_fuel,2022-06-22 15:00:00,3103.0,32222.0,3069.0,3093.0,10.417717426446815
liquid_fuel,2022-08-17 04:00:00,3369.0,33332.0,3153.0,3318.0,10.045810729355033
liquid_fuel,2022-12-13 12:00:00,1773.0,20005.0,1898.0,1850.0,10.813513513513513
liquid_fuel,2023-04-15 04:00:00,3255.0,34146.0,2970.0,3221.0,10.601055572803476
liquid_fuel,2023-05-14 03:00:00,2085.0,19993.0,1958.0,2085.0,9.588968824940048
liquid_fuel,2023-07-11 14:00:00,2939.0,31423.0,2861.0,2939.0,10.691731881592379
liquid_fuel,2024-06-09 12:00:00,2173.0,22362.0,2422.0,2356.0,9.49151103565365
coal,2023-04-04 05:00:00,2111.0,25085.0,1989.0,2111.0,11.882993841781147
coal,2023-04-17 18:00:00,2196.0,22206.0,2247.0,2247.0,9.882510013351135
coal,2024-06-26 02:00:00,3164.0,31687.0,3168.0,3168.0,10.002209595959595
hydro,2015-08-25 08:00:00,236.0,1933.0,193.0,236.0,8.190677966101696
hydro,2015-11-08 16:00:00,30.0,5623.0,188.0,168.0,33.470238095238095
hydro,2016-07-12 16:00:00,170.0,1701.0,170.0,170.0,10.005882352941176
hydro,2016-09-23 06:00:00,150.0,1500.0,150.0,150.0,10.0
hydro,2016-10-06 03:00:00,212.0,2110.0,210.0,212.0,9.952830188679245
hydro,2017-04-10 21:00:00,119.0,1119.0,121.0,121.0,9.24793388429752
hydro,2017-06-01 01:00:00,40.0,1875.0,73.0,40.0,46.875
hydro,2017-06-20 21:00:00,130.0,1301.0,130.0,130.0,10.007692307692308
hydro,2017-10-19 09:00:00,171.0,1123.0,123.0,171.0,6.567251461988304
hydro,2018-03-08 20:00:00,100.0,1101.0,73.0,100.0,11.01
hydro,2018-06-04 10:00:00,115.0,1158.0,115.0,115.0,10.069565217391304
hydro,2018-06-10 17:00:00,114.0,1144.0,114.0,114.0,10.035087719298245
hydro,2018-08-04 02:00:00,140.0,1440.0,140.0,140.0,10.285714285714286
hydro,2018-09-30 19:00:00,142.0,1410.0,140.0,142.0,9.929577464788732
hydro,2018-11-07 16:00:00,105.0,1056.0,110.0,110.0,9.6
hydro,2019-08-26 06:00:00,213.0,1216.0,216.0,213.0,5.708920187793427
hydro,2019-10-01 19:00:00,211.0,2100.0,211.0,211.0,9.95260663507109
hydro,2020-06-20 14:00:00,96.0,958.0,958.0,100.0,9.58
hydro,2020-06-20 15:00:00,958.0,958.0,97.0,98.0,9.775510204081632
hydro,2020-06-21 12:00:00,100.0,1000.0,97.0,100.0,10.0
hydro,2020-06-29 11:00:00,103.0,1045.0,105.0,105.0,9.952380952380953
hydro,2020-06-30 09:00:00,106.0,1058.0,1036.0,108.0,9.796296296296296
hydro,2020-06-30 10:00:00,1058.0,1036.0,103.0,106.0,9.773584905660377
hydro,2020-07-10 09:00:00,104.0,1047.0,105.0,105.0,9.971428571428572
hydro,2020-07-11 18:00:00,104.0,1047.0,104.0,104.0,10.067307692307692
hydro,2020-11-17 10:00:00,159.0,1060.0,161.0,161.0,6.583850931677019
hydro,2021-10-14 05:00:00,162.0,1652.0,162.0,162.0,10.197530864197532
hydro,2022-07-18 11:00:00,127.0,1258.0,128.0,128.0,9.828125
hydro,2022-10-09 23:00:00,153.0,1536.0,152.0,152.0,10.105263157894736
hydro,2022-11-15 13:00:00,153.0,1000.0,43.0,153.0,6.5359477124183005
hydro,2023-08-23 12:00:00,201.0,2001.0,201.0,201.0,9.955223880597014
hydro,2023-09-01 00:00:00,203.0,2503.0,203.0,203.0,12.330049261083744
hydro,2023-09-25 09:00:00,202.0,2502.0,202.0,202.0,12.386138613861386
hydro,2023-10-11 04:00:00,200.0,2000.0,201.0,201.0,9.950248756218905
hydro,2023-10-13 10:00:00,152.0,2438.0,153.0,152.0,16.039473684210527
hydro,2024-06-07 20:00:00,118.0,4860.0,118.0,118.0,41.186440677966104
hydro,2024-07-03 07:00:00,159.0,1059.0,105.0,159.0,6.660377358490566
solar,2019-08-30 09:00:00,13.0,2901.0,9.2,13.9,208.70503597122303
solar,2023-06-23 09:00:00,227.0,2398.0,391.0,349.0,6.871060171919771
solar,2024-02-12 09:00:00,208.0,2998.0,374.0,374.0,8.016042780748663
wind,2023-09-18 19:00:00,5.0,197.0,3.0,5.0,39.4
wind,2023-09-19 22:00:00,24.0,201.0,29.0,24.0,8.375
wind,2023-10-13 10:00:00,0.0,243.0,0.0,0.0,
wind,2024-03-25 12:00:00,0.0,454.0,30.0,8.0,56.75
wind,2024-06-16 03:00:00,21.0,922.0,19.0,21.0,43.904761904761905
wind,2024-09-08 17:00:00,29.0,211.0,30.0,29.0,7.275862068965517
wind,2024-11-18 13:00:00,0.0,910.0,1.0,1.0,910.0
india_bheramara_hvdc,2015-04-20 13:00:00,441.0,6069.0,442.0,442.0,13.73076923076923
india_bheramara_hvdc,2015-06-08 05:00:00,452.0,6417.0,453.0,453.0,14.165562913907285
india_bheramara_hvdc,2015-07-16 21:00:00,441.0,4444.0,445.0,444.0,10.00900900900901
india_bheramara_hvdc,2015-09-18 02:00:00,432.0,7425.0,432.0,432.0,17.1875
india_bheramara_hvdc,2016-11-15 20:00:00,498.0,5014.0,514.0,514.0,9.754863813229573
india_bheramara_hvdc,2017-04-13 08:00:00,498.0,4998.0,498.0,498.0,10.036144578313253
india_bheramara_hvdc,2017-05-12 09:00:00,495.0,4950.0,495.0,495.0,10.0
india_bheramara_hvdc,2018-03-01 11:00:00,491.0,4591.0,491.0,491.0,9.35030549898167
india_bheramara_hvdc,2018-09-05 20:00:00,482.0,4882.0,493.0,493.0,9.9026369168357
india_bheramara_hvdc,2019-03-05 22:00:00,762.0,76292.0,763.0,763.0,99.98951507208388
india_bheramara_hvdc,2019-10-09 06:00:00,927.0,9127.0,927.0,927.0,9.845738942826321
india_bheramara_hvdc,2020-09-22 01:00:00,941.0,9410.0,941.0,941.0,10.0
india_bheramara_hvdc,2020-11-04 04:00:00,909.0,9013.0,909.0,909.0,9.915291529152915
india_bheramara_hvdc,2021-02-04 17:00:00,431.0,4431.0,431.0,431.0,10.280742459396752
india_bheramara_hvdc,2022-06-27 16:00:00,930.0,9300.0,930.0,930.0,10.0
india_tripura,2019-03-21 18:00:00,140.0,955.0,156.0,156.0,6.121794871794871
india_tripura,2019-05-09 02:00:00,154.0,942.0,154.0,154.0,6.116883116883117
india_tripura,2019-07-19 10:00:00,110.0,904.0,128.0,128.0,7.0625
india_tripura,2019-08-09 17:00:00,120.0,750.0,162.0,162.0,4.62962962962963
india_tripura,2019-10-08 23:00:00,104.0,915.0,104.0,104.0,8.798076923076923
india_tripura,2020-01-07 16:00:00,86.0,606.0,104.0,104.0,5.826923076923077
india_tripura,2020-05-26 11:00:00,96.0,869.0,82.0,88.0,9.875
india_tripura,2020-08-18 06:00:00,104.0,1000.0,100.0,108.0,9.25925925925926
india_tripura,2020-10-04 18:00:00,156.0,1565.0,156.0,156.0,10.032051282051283
india_tripura,2021-02-07 03:00:00,70.0,600.0,70.0,72.0,8.333333333333334
india_tripura,2021-07-11 06:00:00,128.0,806.0,122.0,132.0,6.106060606060606
india_tripura,2021-07-19 05:00:00,122.0,812.0,100.0,102.0,7.96078431372549
india_tripura,2021-11-07 13:00:00,98.0,1000.0,98.0,98.0,10.204081632653061
india_tripura,2022-05-12 14:00:00,116.0,1000.0,112.0,112.0,8.928571428571429
india_tripura,2022-05-23 03:00:00,114.0,1000.0,104.0,114.0,8.771929824561404
india_tripura,2022-07-09 12:00:00,118.0,1234.0,138.0,138.0,8.942028985507246
india_tripura,2023-03-01 12:00:00,124.0,886.0,130.0,128.0,6.921875
india_tripura,2023-05-09 18:00:00,154.0,929.0,152.0,154.0,6.032467532467533
india_tripura,2023-08-09 02:00:00,136.0,1132.0,128.0,136.0,8.323529411764707
india_tripura,2024-06-15 20:00:00,68.0,769.0,74.0,74.0,10.391891891891891
india_tripura,2024-06-25 13:00:00,90.0,920.0,96.0,96.0,9.583333333333334
india_tripura,2024-07-28 22:00:00,96.0,911.0,104.0,100.0,9.11
india_tripura,2024-07-31 13:00:00,96.0,910.0,102.0,96.0,9.479166666666666
india_tripura,2024-08-06 07:00:00,64.0,913.0,62.0,66.0,13.833333333333334
india_tripura,2024-08-14 18:00:00,82.0,822.0,100.0,100.0,8.22
india_tripura,2025-05-12 02:00:00,44.0,925.0,42.0,44.0,21.022727272727273
india_tripura,2025-06-06 02:00:00,38.0,679.0,36.0,36.0,18.86111111111111
india_adani,2025-01-29 15:00:00,690.0,9709.0,536.0,745.0,13.03221476510067
india_adani,2025-04-26 08:00:00,1276.0,12665.0,1262.0,1308.0,9.682721712538227
india_adani,2025-05-01 21:00:00,825.0,11241.0,832.0,832.0,13.510817307692308
